{"alarm clock": [0.19530326423853417, 0.43746446768796765, 0.8105467290741738], "armchair": [0.5802812092295475, 0.004152769644287457, 0.9216439811850314], "backpack": [0.3938850135275662, 0.3817132132659039, 0.11947415868657008], "bag": [0.4089561946654522, 0.14016724389039759, 0.23016963909393928], "ball": [0.05536018793927755, 0.7045359584949836, 0.2971012887288197], "bar": [0.3288853839710407, 0.6257448376071127, 0.23658276400901557], "basket": [0.3271518214285045, 0.8219208263093847, 0.1566569772355646], "bathroom cabinet": [0.6521198996784254, 0.34619085155963414, 0.5743827658411165], "bathroom counter": [0.4122786788999787, 0.5499610862665735, 0.4718952816584423], "bathroom stall": [0.09905533705128422, 0.4988964811022083, 0.836499640374582], "bathroom stall door": [0.04923238178902889, 0.10955842713561181, 0.5852338129872978], "bathroom vanity": [0.6472365759048629, 0.45842127842485825, 0.3121635868909066], "bathtub": [0.24230728851044636, 0.7315284405224401, 0.6233284185288992], "bed": [0.6418800960146117, 0.04789125954201079, 0.7301761456494901], "bench": [0.6923551723074176, 0.33242657120468844, 0.9644134735899845], "bicycle": [0.23666807887626928, 0.8737361056525338, 0.5604571051918122], "bin": [0.6772751954265718, 0.782698773573484, 0.6511019889794638], "blackboard": [0.9716465783167941, 0.08020740974261786, 0.7243880583449215], "blanket": [0.4705240443669929, 0.6364687574252074, 0.6352266605635772], "blinds": [0.3608770264413028, 0.9925678019033467, 0.5995938211680788], "board": [0.6807595619008712, 0.6306995568224705, 0.6383495548872541], "book": [0.32994109240689506, 0.8938637814069476, 0.5059659772527242], "bookshelf": [0.5774174153511872, 0.6508749523150203, 0.4150003229794358], "bottle": [0.7093541985151433, 0.5650349054516282, 0.22525088519687775], "bowl": [0.8155963462278397, 0.3301915882904689, 0.9896869282498669], "box": [0.3195539640208801, 0.23097348266624107, 0.3856585947894926], "broom": [0.10442828658460823, 0.16794054770582578, 0.8870999430753238], "bucket": [0.8132059762713315, 0.22039609809795535, 0.8264078356874619], "bulletin board": [0.6846409358409258, 0.41600417727847494, 0.1287199827525798], "cabinet": [0.4496692713617567, 0.472513575863199, 0.20007651150243544], "calendar": [0.6969469232942789, 0.6516200407088426, 0.20168822509457685], "candle": [0.33807539147698706, 0.3283541837325593, 0.7895586394880058], "cart": [0.6641540175278362, 0.5653472126378024, 0.6041509404075878], "case of water bottles": [0.24484025991547875, 0.7818030918379746, 0.37466888582692237], "cd case": [0.9858303280717942, 0.6431190881113699, 0.5583001058068495], "ceiling": [0.7377811248356095, 0.6724194027285503, 0.2421207238693459], "ceiling light": [0.5986690693675975, 0.833999001427057, 0.8825856725200653], "chair": [0.6984828904469018, 0.8451251952910269, 0.33438872899204364], "clock": [0.013690126778538092, 0.1082862440156257, 0.41870440220218397], "closet": [0.8500958547795275, 0.8139057393437164, 0.9948818774769707], "closet door": [0.35541147553627117, 0.4618397732333118, 0.7570988151918611], "closet rod": [0.6326860435040857, 0.8526424695470876, 0.3101241325275492], "closet wall": [0.01464897251203734, 0.9010030188575759, 0.1355670409880675], "clothes": [0.8109817452293061, 0.6487569874420948, 0.7536218619555338], "clothes dryer": [0.4708114033945937, 0.8717472782238066, 0.28438813359485904], "coat rack": [0.5232435532498078, 0.16279952006555276, 0.17321614362245752], "coffee kettle": [0.6415533845665291, 0.5095754205030704, 0.33041583702862654], "coffee maker": [0.017294124289416568, 0.1795352655407214, 0.43737740926150226], "coffee table": [0.9245955948249286, 0.9291210269730584, 0.6736116842489795], "column": [0.6616712889378055, 0.993746834551523, 0.399982403503388], "computer tower": [0.48125084900264103, 0.002302547000208821, 0.06981600673930521], "container": [0.7739358646660357, 0.1639076407210236, 0.40630400505694153], "copier": [0.4079756020957611, 0.7288406277788402, 0.32710339084310924], "couch": [0.2800788187103964, 0.662544925054472, 0.04134763188270296], "counter": [0.965635791657682, 0.5862524726672304, 0.8773911135069293], "crate": [0.18668061831602512, 0.07439453183392575, 0.051637357333387146], "cup": [0.05395794623835459, 0.11081023892437436, 0.6380105970045999], "curtain": [0.9133275341730515, 0.346651006023459, 0.386710624471878], "cushion": [0.06427210295212038, 0.005577755505053461, 0.2880278533044902], "decoration": [0.33966766147383853, 0.7536797857675892, 0.0560232376115164], "desk": [0.8658459101871004, 0.10894974737562901, 0.17375324501529776], "dining table": [0.6965433917175229, 0.21095766499012214, 0.7632780078898208], "dish rack": [0.23077385323935706, 0.40240138079461074, 0.9570823201267595], "dishwasher": [0.7062294931986297, 0.516537924645166, 0.1002233064771001], "divider": [0.02286437377619388, 0.6455939510428274, 0.9733640838147702], "door": [0.5487022778678132, 0.27991111613682695, 0.26135646580647254], "doorframe": [0.463503868982747, 0.374286096060199, 0.5195934410935314], "dresser": [0.5336387552803025, 0.18547599508228507, 0.6115136920070732], "dumbbell": [0.3734577492559108, 0.06908513819110096, 0.39774232800677856], "dustpan": [0.7552992926406159, 0.42334189235573716, 0.9803980014493096], "end table": [0.7091146297169875, 0.26166143137782827, 0.12506467964571433], "fan": [0.492067637719278, 0.15264424480179273, 0.5116893453117917], "file cabinet": [0.621623365320291, 0.38910539142473355, 0.6071224605352906], "fire alarm": [0.6913430192276813, 0.28955413483175696, 0.16514582374491515], "fire extinguisher": [0.15842378912009158, 0.8614146545695287, 0.8839555146500436], "fireplace": [0.16960031838682466, 0.8456946802263424, 0.9947349395569506], "floor": [0.08732780388148742, 0.8092072193030264, 0.3026829744523314], "folded chair": [0.3029953904124981, 0.9748086930469201, 0.783277255865041], "furniture": [0.03353426316242747, 0.21158828949075492, 0.05681712205633915], "guitar": [0.33811502128701687, 0.6711553596931819, 0.5556990002333106], "guitar case": [0.2677305660859953, 0.6774714798198588, 0.7628853978039555], "hair dryer": [0.9471872589430962, 0.7504381289669003, 0.2989410845717646], "handicap bar": [0.45176350608720617, 0.08192168236982011, 0.33488131874429905], "hat": [0.9529430023717935, 0.004238763911527332, 0.8450625884315296], "headphones": [0.6960166114072744, 0.9448218103404038, 0.451639459944176], "ironing board": [0.6777987098545366, 0.17019453837051335, 0.8389789886359026], "jacket": [0.2974715960572869, 0.6913304422639308, 0.501198855326967], "keyboard": [0.0800320313438575, 0.2598609160183085, 0.9291321061045131], "keyboard piano": [0.22787935955765892, 0.9131729927897603, 0.20287849514220413], "kitchen cabinet": [0.23264586298912293, 0.6020528403763958, 0.3057028315716481], "kitchen counter": [0.4412037024892501, 0.8297354784590852, 0.49174241972832555], "ladder": [0.3295364287302255, 0.048836616808881295, 0.37510606486530296], "lamp": [0.330959942575229, 0.1596993603229815, 0.4935613072330799], "laptop": [0.6171593222117234, 0.00820816559768378, 0.7884452657349817], "laundry basket": [0.35160043121433593, 0.6194431775205856, 0.9649611578937795], "laundry detergent": [0.88378497648448, 0.12125609288508488, 0.2668245547296494], "laundry hamper": [0.9356384866220362, 0.3819773481630798, 0.4285742232756654], "ledge": [0.033758407585295136, 0.6478181289495912, 0.4197011863401251], "light": [0.07101403299158904, 0.3346868004818384, 0.1564801566653904], "light switch": [0.5465778519857013, 0.36376014016431424, 0.6729217796236389], "luggage": [0.12235856059026062, 0.8036510496047287, 0.5411061081475085], "machine": [0.5215768918553793, 0.3618273343310082, 0.09215003059394578], "mailbox": [0.8270985433346287, 0.8655219827565545, 0.020818103490229944], "mat": [0.43697561611050517, 0.6508334587568334, 0.6235124575907953], "mattress": [0.6582232206450095, 0.4255880502475743, 0.9190951410367785], "microwave": [0.024115755523526516, 0.5299169180723936, 0.47876397272035764],