{"chair": [0.8506573844630201, 0.4533007235821691, 0.6326969078701137], "sofa": [0.999954809222337, 0.21771916914444422, 0.5265147590292981], "table": [0.7276295672502462, 0.32808891902132575, 0.5682562692998736], "bed": [0.27591791862802373, 0.19777772479371558, 0.9927796940042865], "desk": [0.9220302703335561, 0.7240040718248191, 0.3240106617461711], "cabinet": [0.3373880222957395, 0.17568404736954835, 0.7636598276037776], "shelf": [0.5532706978354782, 0.9492695140216385, 0.4518687405693177], "book": [0.33890805186033246, 0.572216256011135, 0.09760122231212254], "lamp": [0.7850569373622667, 0.39693684443668775, 0.7762549039431289], "tv": [0.9938640481738206, 0.24419735365123785, 0.7583416155499181], "television stand": [0.0846341384217335, 0.1699194060166329, 0.6439727048665385], "refrigerator": [0.36766185829142484, 0.26841855015137495, 0.047470021787119454], "microwave": [0.6483749817896622, 0.4311229765095731, 0.4246931222154605], "oven": [0.9518828821263862, 0.8562965687911784, 0.4906343223567513], "sink": [0.5148404803487262, 0.6627523654213511, 0.9281414976935137], "washing machine": [0.4865264138504263, 0.984472411438584, 0.5201897331033496], "dryer": [0.7570409189691575, 0.4346354209283345, 0.3510182753895924], "stove": [0.9384252609343778, 0.7689494280476312, 0.42162673519885163], "dishwasher": [0.7566684781014914, 0.606746077435411, 0.11050423596939163], "toaster": [0.21851934441840204, 0.16956971969383106, 0.9236489777945781], "kettle": [0.08301901341505824, 0.41484401228117496, 0.8062998430577845], "coffee maker": [0.5319262756382729, 0.4966586861133696, 0.35990177204991236], "towel": [0.9383868848501961, 0.5458406162758007, 0.7224615997531043], "toilet": [0.013745672187869595, 0.9896215077052153, 0.13817689010257217], "shower": [0.012603995601664697, 0.3854822368358972, 0.762848913419593], "bathtub": [0.4423042277822884, 0.9924238043270373, 0.8091452445073917], "mirror": [0.08321938134260709, 0.45747094100343677, 0.17284738989823167], "picture frame": [0.19681940898388295, 0.9210286573137757, 0.3990816958258987], "door": [0.3021869444888984, 0.5048724024309842, 0.011266327446557867], "window": [0.37274115455364176, 0.7556864516415732, 0.8062480107632113], "floor lamp": [0.9075690803666939, 0.35504767026405704, 0.12312765710163975], "ceiling lamp": [0.8367842418394804, 0.6429136833420687, 0.6469706108673092], "fan": [0.5667833058439656, 0.8839605998385063, 0.6926741340910094], "air conditioner": [0.5806308651880097, 0.3040848821637081, 0.8116580555112227], "heater": [0.17095912994891493, 0.434112637448814, 0.5428767987645557], "carpet": [0.25487386801113365, 0.8183189798069687, 0.8209138284832203], "rug": [0.3250651537435669, 0.09849917811845765, 0.35729444873818106], "trash can": [0.7735467330100531, 0.24174034453598392, 0.4556898503194905], "recycling bin": [0.4203788427722085, 0.9449859004606728, 0.8014626055819299], "iron": [0.3517629007554649, 0.05877767899832398, 0.998879370291694], "ironing board": [0.37168793987385307, 0.9864168310586964, 0.985151079536132], "broom": [0.7070655394789974, 0.22831712419444827, 0.9943470798840142], "vacuum cleaner": [0.08276766467355146, 0.6224130775850755, 0.5402964221355366], "trash bag": [0.7511558028203267, 0.4197592069181386, 0.6670525412263741], "laundry basket": [0.14929064243959, 0.967980224874071, 0.24633123034358795], "tissues": [0.7802655556837597, 0.6386781350578306, 0.4161155055226953], "soap dispenser": [0.7888798917624738, 0.7548019974365986, 0.048479647450776264], "toilet paper": [0.8079780153055163, 0.13141701871531508, 0.4464761801383371], "toothbrush": [0.059736378388529965, 0.29866126275841787, 0.339492042514853], "toothpaste": [0.5405694427814904, 0.8763893869000611, 0.11553264911334926], "hair dryer": [0.5954652946146854, 0.9834927081996298, 0.5525686294924695], "shampoo": [0.4783543962082746, 0.3480855462666066, 0.663972670393866], "conditioner": [0.3993018021504604, 0.9829804677138684, 0.7569664908557815], "conditioner dispenser": [0.409476410496283, 0.12482807543604668, 0.03585673266464395], "toilet brush": [0.020927370775741694, 0.6294057699661368, 0.41031662745963615], "shampoo bottle": [0.46343716909753174, 0.556242442860197, 0.08675912207360836], "soap bar": [0.6837363108738801, 0.05629715322199147, 0.5917668513791983], "candle": [0.20635745180174847, 0.2721910236154098, 0.6944175150099725], "plant": [0.4124942550133609, 0.09138597375248825, 0.3062138607627748], "pot": [0.35421137437157435, 0.05062227409915365, 0.8641986343808369], "vase": [0.5089950692688783, 0.7597154424001316, 0.13340427041721015], "clock": [0.40470814528658583, 0.9049572345427613, 0.3453038058171932], "speaker": [0.4259326552184952, 0.6339424337113498, 0.7226198248040008], "remote control": [0.8528637277071122, 0.21461871636920038, 0.6180027185563756], "fan heater": [0.6623584963789719, 0.28260543726326115, 0.3868198518135585], "curtains": [0.07426255547959404, 0.34789741166244026, 0.10367554799769119], "blinds": [0.9037510007251481, 0.5051803091604654, 0.6585002618937104], "curtain rod": [0.42446628511319906, 0.06161585012531745, 0.136639742177038], "frame": [0.802195664493141, 0.22718840375345484, 0.560106456171958], "desk chair": [0.7653567592070378, 0.9798399698762534, 0.9741161408049649], "bed frame": [0.9115014454036314, 0.8363070432516291, 0.755802353891734], "dresser": [0.9524297876519123, 0.8988375775082695, 0.3468594149848844], "nightstand": [0.8909292569713341, 0.7540639636363309, 0.3533033864326576], "wardrobe": [0.9856480110626764, 0.8067520470081715, 0.764062869433448], "closet": [0.2247547706465295, 0.46817729807565234, 0.044825976030368975], "pillows": [0.9450883163247571, 0.9512080085328247, 0.007081682191337646], "blanket": [0.05153580899443133, 0.2107805986056267, 0.8283394055166048], "mattress": [0.5813915718901976, 0.8385629473896363, 0.9385759296510764], "pillowcase": [0.869742110540874, 0.7436718443430571, 0.9195364360309954], "slippers": [0.8090440749331165, 0.7569662315246994, 0.04483247763561293], "shoes": [0.9987980519334294, 0.5305878849233386, 0.18370341637493592], "hangers": [0.8179834510014982, 0.8846514304182284, 0.6753360398532285], "coat rack": [0.9946857557545822, 0.9030193159304237, 0.2742188990416733], "wall": [0.38601473096883454, 0.9524834922896412, 0.16730698881444694], "floor": [0.4278722859195516, 0.7756826738948421, 0.430528280124433], "ceiling": [0.257335120567055, 0.15972065508975475, 0.5153339323491657], "staircase": [0.8182316561276018, 0.5415202380494145, 0.8422199761353893], "hallway": [0.8879185808927607, 0.8378330675951188, 0.8614125152862991], "entryway": [0.5392870564598068, 0.46452115348997536, 0.2485260496119165], "shelf unit": [0.6394368066317611, 0.3825327409470831, 0.682715164220755], "drawer": [0.001693823714983611, 0.8280065822226242, 0.505259881164809], "light switch": [0.8661533494447484, 0.2731265037030892, 0.06154791250931979], "outlet": [0.9979963183860071, 0.5579952168094824, 0.9795686804866945], "plug": [0.9806170582043633, 0.8737977314590923, 0.2042436206612731], "router": [0.8377744485853433, 0.9672509788131957, 0.7986891503377336], "computer": [0.9640069726013355, 0.1977479418422725, 0.9805466542000439], "monitor": [0.8356569706540125, 0.2346988104134632, 0.9115417348774371], "keyboard": [0.3540421370624025, 0.7087245588485778, 0.5810965797565086], "mouse": [0.5870661766032287, 0.008994803677468743, 0.5078036933245322], "printer": [0.49895595789236535, 0.28056121869692574, 0.9215415823138614], "unknown": [0.5398242453021963, 0.2018404947917566, 0.24576956286521934]}