{"wall": [0.43134355620755616, 0.5598203992759252, 0.07395559838817711], "floor": [0.8502276800868233, 0.20878580068360642, 0.32898149379706965], "bench": [0.020275772165147532, 0.12534085734496447, 0.16146282995786843], "chair": [0.15092573187600633, 0.791827082773761, 0.03692907775000798], "tree": [0.6800921596025784, 0.21097597211497265, 0.7588113737439725], "lamp_post": [0.05630940921890526, 0.13854214016497957, 0.8524212983415795], "fence": [0.8078227773308224, 0.6547121053636699, 0.18547527708288836], "planter": [0.09502224075063515, 0.12510394036053707, 0.882988868890085], "table": [0.6368055404120319, 0.7289768649169239, 0.223342894420563], "desk": [0.6425558386601667, 0.5012993256994748, 0.7853891055039148], "sofa": [0.9375206276319932, 0.14924447515634698, 0.20273726798243763], "cabinet": [0.951160247173496, 0.19017338191683686, 0.9255036934536165], "shelf": [0.6004409064667093, 0.7172171414769907, 0.9581224444931545], "drawer": [0.2022551997600618, 0.902112686237001, 0.8398766545825446], "bed": [0.472254624882663, 0.6824421620388459, 0.5260338237011075], "lamp": [0.9188693119380019, 0.9534327706209175, 0.4548055241445127], "monitor": [0.7466806655161675, 0.523080917969552, 0.5568606449833139], "keyboard": [0.1883015944185097, 0.2727928626772582, 0.05426040644929675], "mouse": [0.839853027962623, 0.23474829105767614, 0.5621459700893213], "laptop": [0.7142768878909654, 0.3073770943520915, 0.5697609657538709], "phone": [0.6148905130176944, 0.6504516571816198, 0.3928339234511442], "printer": [0.7069312601504806, 0.16875015932480397, 0.5715348705747892], "scanner": [0.721213662691866, 0.03573006924399036, 0.8637115303863804], "whiteboard": [0.5153316840084832, 0.7087199776254339, 0.7796885084010953], "chalkboard": [0.523620636529889, 0.5160923601528973, 0.1918040113908196], "backpack": [0.6936573109764653, 0.05950244329086529, 0.6138885122287248], "clock": [0.0472992224883082, 0.07797016238433097, 0.3919627783066282], "trashcan": [0.055340806333519565, 0.7395460642070043, 0.17574395078416905], "plant": [0.03238734682941791, 0.7581520192672427, 0.0712749105245859], "cushion": [0.5880325145625641, 0.03557727481917694, 0.9491652422976253], "mug": [0.6271227094749919, 0.6276317881898758, 0.3527239216658695], "bottle": [0.7698804945035335, 0.8276317702570315, 0.7551185415848486], "box": [0.1626705624516711, 0.909142309988094, 0.6349761718610802], "binder": [0.4625166591380059, 0.08548330798719295, 0.4927227692581102], "pen": [0.8469989491989389, 0.910320978655976, 0.12916296059537236], "pencil": [0.697151516050249, 0.09810026071178657, 0.7576797730995528], "notebook": [0.23571766482939338, 0.3569536202790766, 0.31571474989539106], "paper": [0.9876915892368668, 0.4381844959059351, 0.4598594545731357], "envelope": [0.7943441934983341, 0.1367918256702001, 0.24419490240874753], "headphones": [0.23153595958489492, 0.18837186151716445, 0.17121641419592382], "speaker": [0.9141240283220031, 0.00870141128743751, 0.3397517704226747], "projector": [0.7361897084900026, 0.38542453215700767, 0.8003993138608216], "router": [0.14662633089549637, 0.07230530518844802, 0.04165441763155253], "keyboard tray": [0.9904815292043138, 0.8299545524498041, 0.6404529075697243], "cable": [0.8533642336462978, 0.5249786008970175, 0.5829297415854132], "counter": [0.8633766989393635, 0.650321662386675, 0.7727477312810992], "remote": [0.6288615566909915, 0.17440589071394075, 0.45617533943381183], "light switch": [0.31307547760471754, 0.6321758103854042, 0.17935624661244665], "power strip": [0.5761009847395796, 0.29847972072124007, 0.27767557158901335], "plug": [0.3306367317412068, 0.38768339072329083, 0.08489339286454689], "folder": [0.8933864102130773, 0.42958853148951004, 0.19687234447306945], "screen": [0.8048051744459123, 0.511417730338813, 0.21973127084105537], "bag": [0.04072313766145397, 0.6466274268837193, 0.0912632509248229], "umbrella": [0.6234783595401904, 0.226827249094815, 0.37087726253303677], "coat": [0.6837212893543589, 0.9610282134494272, 0.11453182984815169], "shoes": [0.9351244724667346, 0.6311613210105589, 0.8692443365865936], "hat": [0.212198324640528, 0.4250930784267529, 0.6914043412321262], "towel": [0.29768160772862584, 0.41180389410322205, 0.8837611072213108], "tissue": [0.488815513492175, 0.39698094817029517, 0.007008807657893801], "mirror": [0.45091817537002865, 0.48882505065136117, 0.44270989047407094], "curtain": [0.724144881363295, 0.9676905279334476, 0.18173511341578807], "blinds": [0.47434490421311104, 0.06128774354461353, 0.876501468456436], "poster": [0.13880811904403234, 0.1701305551160709, 0.8157011250157963], "calendar": [0.4856768738797831, 0.9866979372591028, 0.8143942644192084], "picture frame": [0.23231826548209944, 0.1284672480621024, 0.12468320544649547], "book": [0.9924585001052073, 0.5708235008457089, 0.14438890199256227], "magazine": [0.20950267584180637, 0.9118347487852089, 0.24935282406620718], "bulletin board": [0.08008747748673217, 0.3787634886671146, 0.9367252752360065], "marker": [0.27125827611902553, 0.4135655104335091, 0.07851831386170138], "stapler": [0.6827856204970993, 0.846884503101353, 0.046022144627771544], "tape": [0.18867332232969758, 0.8504536748880576, 0.9563203334301172], "scissors": [0.005285764764052847, 0.11865620128298848, 0.9028073846054625], "hole punch": [0.017850517571749602, 0.1847426121057556, 0.3714388809101137], "shredder": [0.2761064619218041, 0.9110129880356727, 0.3786123268723266], "paperclip": [0.5450687717585025, 0.9340743980182745, 0.09098187217118059], "eraser": [0.7200589139259581, 0.857681783663333, 0.6648170342655854], "glue": [0.6071298471072873, 0.06961536962150783, 0.4527843933614192], "brush": [0.6427431699037851, 0.7341979505267829, 0.8671979509252405], "hand sanitizer": [0.37471415643696393, 0.036640693470500474, 0.7457625173521152], "fan": [0.0094330472981482, 0.6961054613587674, 0.1970122875750837], "heater": [0.8038862617801246, 0.3009740384447387, 0.8770246488137223], "air conditioner": [0.352535668249205, 0.35098703048272584, 0.18433039002514762], "vent": [0.42129811905531145, 0.626681214964151, 0.43074488798488575], "coffee machine": [0.5809960351829498, 0.48923124089490344, 0.5983593965735658], "microwave": [0.8121593616259082, 0.6170088384005293, 0.37734124839573446], "water dispenser": [0.1928228999456566, 0.5295076515800554, 0.6465564003644547], "refrigerator": [0.2659548922643561, 0.9884639817460846, 0.2849729113962056], "file": [0.8288563417678027, 0.6418333868202252, 0.4367083770801431], "rack": [0.7190584787859673, 0.45015772591306336, 0.28439846893717136], "basket": [0.8959577354114253, 0.9225822714315368, 0.27525274168883673], "clipboard": [0.7550582921961188, 0.13924546063579146, 0.33687613981133424], "key": [0.19705471132447627, 0.08157694248511094, 0.7494368389877051], "badge": [0.9139013369942309, 0.012026169998292202, 0.2086896960533543], "pen holder": [0.24101061643730248, 0.21425888469663557, 0.716655910615026], "sticky note": [0.7931986034575682, 0.4999325704941562, 0.2500033227076114], "monitor stand": [0.39850185918016334, 0.6514305159160789, 0.3319083303332008], "drawer handle": [0.8222584458625574, 0.5283427915696268, 0.05218545801410113], "floor mat": [0.3540651542785459, 0.5919658702328717, 0.5369656172286376], "light fixture": [0.43264548959229054, 0.793441762331831, 0.17927931251997875], "vent cover": [0.1540478564575133, 0.7405992545388235, 0.4234836660085848], "unknown": [0.054926660273352246, 0.5713221780990996, 0.7625422597339033]}