{"0": [0.5630082180560461, 0.9114957879111726, 0.1428939487588502], "1": [0.36375315018068766, 0.3756111390849435, 0.2824590002791735], "2": [0.8187300135496036, 0.028684378628560436, 0.088864991937178], "3": [0.751531519290778, 0.8888800910501127, 0.9290590819962408], "4": [0.9346671210469644, 0.3224993127578675, 0.06532143200076135], "5": [0.6408817238022934, 0.860621445176241, 0.4953011013425065], "6": [0.846407200888937, 0.18811625700167112, 0.7820715843084166], "7": [0.10532469830539892, 0.400403710218486, 0.716360469536119], "8": [0.4580683262881976, 0.31246307994615297, 0.15579622862653808], "9": [0.7193227797842487, 0.8318033438936038, 0.006834436968860325], "10": [0.03746129991559155, 0.8606987587589569, 0.8735076301810828], "11": [0.65744024383139, 0.9539854690388752, 0.9614733418416725], "12": [0.20618215986802102, 0.015088336363463295, 0.4300469108655416], "13": [0.6475849947772011, 0.9152870445455507, 0.9724740653114937], "14": [0.7244718640578115, 0.5088457955698218, 0.5118542113900467], "15": [0.04762132768709859, 0.8780007065792986, 0.5380581199828447], "16": [0.934207323778132, 0.48853036076410894, 0.04729333918957479], "17": [0.4485320725786517, 0.7181932105628419, 0.7167161639985569], "18": [0.839569350140976, 0.04957052492018599, 0.7696232235187378], "19": [0.2937525273815784, 0.9511002591853897, 0.6943192396898062], "20": [0.7981657955561227, 0.34023210817619587, 0.7652368185405061], "21": [0.7822124338360993, 0.7234589144021778, 0.48779866510539327], "22": [0.9472109369027271, 0.7955859240477582, 0.4184226190292586], "23": [0.8546384264374448, 0.152441003148016, 0.8935403548334465], "24": [0.938017649289574, 0.4458272336923079, 0.5271719247613115], "25": [0.4462683394038194, 0.2561488904585564, 0.9898817505488698], "26": [0.741583835423471, 0.22236899153461986, 0.2680535004262027], "27": [0.6547911916549293, 0.44589837420819733, 0.19944835362040259], "28": [0.9079522082323438, 0.8403481482972402, 0.06288789258489591], "29": [0.28353664803886414, 0.9167060721235477, 0.20534035458257494], "30": [0.36900964759423904, 0.04448185501546098, 0.7119493467054724], "31": [0.7838814571358528, 0.19776372430835398, 0.7793745113328281], "32": [0.922626304888472, 0.23366594398099882, 0.5534195442359667], "33": [0.6852422689614691, 0.8988024062846682, 0.4178316967654173], "34": [0.6959967734081276, 0.449094860366986, 0.12565678483493636], "35": [0.17081677551258645, 0.3801307809166473, 0.9014585532847351], "36": [0.275776907487119, 0.935046349626291, 0.9667611240705026], "37": [0.013652541734598067, 0.45860034625717583, 0.2800595344787403], "38": [0.6116760851338034, 0.7105615166174709, 0.41226367624980875], "39": [0.9839627135051485, 0.27295830323014914, 0.41078006375519294], "40": [0.26522991753046576, 0.5573715338783819, 0.816488987202443], "41": [0.8949684619995408, 0.7145647248919894, 0.34688492645440316], "42": [0.9698442670722809, 0.49654136632086365, 0.4319682039724033], "43": [0.2295374720903608, 0.491114774994758, 0.004733818416921554], "44": [0.3462973379717881, 0.21492722915718732, 0.30854808066515094], "45": [0.3017075244473354, 0.5958974412092899, 0.8221087154954035], "46": [0.2858197033392552, 0.5709858259513136, 0.28669084848298143], "47": [0.3103423033851166, 0.6322944337685826, 0.36896610010521824], "48": [0.3124273987850722, 0.972047411158411, 0.5327518086201456], "49": [0.7975051841568672, 0.7713900108596812, 0.39507228742539247], "50": [0.5770555628465793, 0.08488355498239952, 0.8046681781968079], "51": [0.41323290888344155, 0.3496986990810641, 0.4322026321953013], "52": [0.8357667452339558, 0.3589754316323974, 0.9760448059178296], "53": [0.7617460624690141, 0.712339627208139, 0.5867939228948034], "54": [0.7492955011121372, 0.21605649157812556, 0.6754827176071841], "55": [0.738177655024058, 0.7995407227484136, 0.27153545139100554], "56": [0.587960146061654, 0.5572664283765364, 0.11156595847916329], "57": [0.3304664204413458, 0.11144618863197353, 0.14445107561262105], "58": [0.29306384416327125, 0.754432460456406, 0.8500359562936128], "59": [0.4909901737690481, 0.28728064657091834, 0.8076035731844202], "60": [0.7077713193949654, 0.8836197648955135, 0.041053876894452945], "61": [0.5578718717696275, 0.5707656791543274, 0.7486960689547122], "62": [0.57597804944418, 0.423933444849813, 0.4155318853353549], "63": [0.6465725928361996, 0.42969508608346396, 0.4705910258625159], "64": [0.2779835538969586, 0.6365525722606066, 0.2869367388880397], "65": [0.19064689602926677, 0.8292515462405398, 0.7580082284535656], "66": [0.7199235762350442, 0.9199855114726434, 0.3171375271175022], "67": [0.28446725813477525, 0.8387271005458359, 0.12195932877307103], "68": [0.9985494692139888, 0.34023352680042107, 0.8187429459808945], "69": [0.8349318192452946, 0.2890514244984641, 0.35276277489180663], "70": [0.8148922829728491, 0.050893841192288014, 0.8586756714405274], "71": [0.8641906544867498, 0.31319113484167127, 0.7429196928353029], "72": [0.43911586284048254, 0.34781552677711225, 0.8113957966178252], "73": [0.01749016804140613, 0.9026645359626565, 0.7220298651626628], "74": [0.6766450641371903, 0.7195144712521594, 0.5073873794451151], "75": [0.3540462403536988, 0.8338917798253479, 0.41028164066455863], "76": [0.57936333294463, 0.3566881950233287, 0.4466345602127848], "77": [0.1402349721227597, 0.7375991866248071, 0.07746092133314697], "78": [0.814205993042727, 0.14009036016277454, 0.15095372720869404], "79": [0.46717074608468223, 0.2485962392767569, 0.09548990084395836], "80": [0.7184634294336939, 0.8937166088434003, 0.9503322725127583], "81": [0.022790662988378063, 0.4670721868845631, 0.6561237065228676], "82": [0.19827560342328843, 0.3282463783295494, 0.8613852632210538], "83": [0.8576930415569167, 0.9371536563478284, 0.6662912791139517], "84": [0.5463375086200618, 0.10060157550354076, 0.24660719234655204], "85": [0.938017649289574, 0.4458272336923079, 0.5271719247613115], "86": [0.45962497854402684, 0.0358482971749714, 0.9343097307294163], "87": [0.5369600515212207, 0.7239329662871796, 0.8712125159544649], "88": [0.16083821880089255, 0.5326730935107039, 0.9946213434467408], "89": [0.6588127686960873, 0.5598418484380695, 0.45942551855163904], "90": [0.04575199694953125, 0.08265113245335531, 0.45541714253474086], "91": [0.4802988282979549, 0.8951837596822262, 0.8356772569177953], "92": [0.3136790502587622, 0.16393622324967339, 0.0450829214923395], "93": [0.7059169279100356, 0.5464986920590911, 0.9654952107310857], "94": [0.20719887361683575, 0.26671036362727707, 0.9626621953102447], "95": [0.9436100616049178, 0.5775649191933317, 0.7769942949845874], "96": [0.20754304530442336, 0.5412362802203731, 0.37272161113794966], "97": [0.8939852630719738, 0.49394250738049517, 0.38353578303768476], "98": [0.5146125763634933, 0.9358906671414996, 0.08626673557570697], "99": [0.7480357367810089, 0.7814302048652936, 0.24393027113857357]}