{"chair": [0.7724060122337237, 0.7897057547954746, 0.5363450852346017], "sofa": [0.9283698664348462, 0.7819076002267068, 0.4806360695594746], "table": [0.7886755673164545, 0.12553064115742585, 0.15548011662061656], "bed": [0.6811103752965401, 0.805451128234811, 0.5929280497739472], "desk": [0.10885409341969043, 0.4155064387775721, 0.17153800235860917], "cabinet": [0.5087229452605957, 0.4940434547750244, 0.06942855556959748], "shelf": [0.36452897405848717, 0.33967914445268665, 0.6888830728537758], "book": [0.6286137297339861, 0.915969790392183, 0.24016092644250187], "lamp": [0.4261073373804982, 0.1682821760464459, 0.8108896123223007], "tv": [0.5756923066182806, 0.37314293529336084, 0.8447532813940216], "television stand": [0.14570444064986432, 0.7934683716530512, 0.47773907995913767], "refrigerator": [0.17939455892896594, 0.49008996407524075, 0.17384913801770763], "microwave": [0.3279048390567495, 0.2778451988604965, 0.1513562265562386], "oven": [0.17565357729461384, 0.45764084495590684, 0.8065521419042904], "sink": [0.7258242291342625, 0.25055776734355184, 0.5140288649824529], "countertop": [0.502302430097687, 0.7415131364172359, 0.3461122955664465], "kitchen counter": [0.515584089793854, 0.2697668939268477, 0.7544329173726061], "washing machine": [0.27201964395048395, 0.4807025190817643, 0.524185763713886], "dryer": [0.709699426257076, 0.6444579302029149, 0.8441746327951826], "stove": [0.3271120772313979, 0.03606269052818034, 0.33380313439210807], "dishwasher": [0.7096455065807981, 0.4972383126140124, 0.29281145096552375], "toaster": [0.015498659479721955, 0.6255554561256953, 0.160797165874225], "kettle": [0.8542793558787505, 0.3906826451705868, 0.20204083684915963], "coffee maker": [0.8650187887253024, 0.9132759742601265, 0.4499049717605298], "coffee table": [0.6569868635536182, 0.6140782167320403, 0.34365008527082275], "towel": [0.5820286568248768, 0.8455877715091883, 0.8895213434925108], "toilet": [0.1446371541659648, 0.23739447541338132, 0.45102666215091713], "shower": [0.1029551181173356, 0.8384782316613527, 0.3909767799702044], "mirror": [0.5793471055691393, 0.23301989659117806, 0.771881435019257], "picture frame": [0.1285043312629367, 0.9398997748150055, 0.9345604718263374], "door": [0.21389114580173174, 0.8464126748747736, 0.9743690044568707], "window": [0.9723398243690324, 0.9866893508048676, 0.3055665453016867], "floor lamp": [0.5837267787792949, 0.777272914182734, 0.7312083797431221], "ceiling lamp": [0.06485737883368825, 0.19098326182151548, 0.4288096732414972], "fan": [0.9211200700886356, 0.43414885224988686, 0.14212800716419127], "air conditioner": [0.5753224145038046, 0.5218876052226419, 0.838224732498987], "heater": [0.16053358482050084, 0.6865661863865544, 0.3170801676851164], "trash can": [0.6468159127056927, 0.4029745521560647, 0.5297371675502711], "bottle": [0.2868781739380747, 0.840246862803423, 0.37531232772484535], "clothes": [0.774618963683767, 0.4394658631811492, 0.9704972754619773], "ball": [0.5202857218027596, 0.7816245600995406, 0.7062112355762843], "toys": [0.9907978327980045, 0.025973922828667284, 0.8793619742313871], "box": [0.9031866666012155, 0.8042256486194158, 0.7229598612596518], "backpack": [0.9023863003262841, 0.040246204624907245, 0.07668625197163947], "recycling bin": [0.5371291916386824, 0.24324525433343802, 0.9830618251278388], "vacuum cleaner": [0.4455081836229272, 0.14193788262597162, 0.2585209140828716], "cushion": [0.4750878697444637, 0.4948293324857679, 0.8777003100964599], "trash bag": [0.6456296071104047, 0.059105566114002084, 0.4911618615950193], "laundry basket": [0.5337902007147477, 0.2978793090560198, 0.865825224805448], "tissues": [0.5282354935292894, 0.7526430745646426, 0.5145830728311455], "soap dispenser": [0.10769271803336788, 0.3591963454971362, 0.33681906518916127], "toilet paper": [0.38218827221766094, 0.26997326417205214, 0.3059316005436574], "toothbrush": [0.028791870553986132, 0.31279293738333536, 0.22305867879248853], "toothpaste": [0.5685176759038907, 0.7778176199555542, 0.5252464747466146], "hair dryer": [0.5813863273102461, 0.7213291149693335, 0.8251648955541454], "shampoo": [0.8633211521275094, 0.5394878804352801, 0.6369096243284716], "conditioner": [0.7021649137802132, 0.8036887363897848, 0.10001856154511013], "conditioner dispenser": [0.2587476419835818, 0.22567672142709738, 0.7486411871667976], "toilet brush": [0.66029569988896, 0.1182423143943786, 0.6910267594832092], "shampoo bottle": [0.18392878506220667, 0.6055682422675637, 0.6116004169503461], "soap bar": [0.8343032170180493, 0.2807290534253494, 0.20001928528580082], "candle": [0.6728732491549972, 0.07078815628557078, 0.9729973629274228], "plant": [0.648022809453633, 0.9501226746935311, 0.5959018414250848], "pot": [0.650713837240276, 0.2803084622380786, 0.5330662352134691], "vase": [0.06315992220349387, 0.3867471451156792, 0.7642665357058626], "clock": [0.2399607923097734, 0.7061843949943046, 0.19788832189861694], "speaker": [0.6652489909447246, 0.6358921675041462, 0.20662083690129918], "remote control": [0.5907915346278524, 0.4770548091390968, 0.17367535937679035], "fan heater": [0.6246891614515209, 0.8044984973171041, 0.182244197810848], "curtains": [0.34178808808649774, 0.7629604327289311, 0.8692344434464062], "laptop": [0.6424706061945995, 0.40768223916503865, 0.45210502819418996], "blinds": [0.8940676544464414, 0.29802597810693043, 0.8982522923683618], "curtain rod": [0.17054824380457356, 0.17405871767059689, 0.9160424182051062], "frame": [0.6272354926359901, 0.0220852358067114, 0.14206281615054572], "desk chair": [0.7286780164167733, 0.16823333020843234, 0.4019980517828049], "bed frame": [0.7130441336549744, 0.2290564496239208, 0.9546335649480895], "dresser": [0.08915769894555037, 0.031028945664170027, 0.6045442065673651], "nightstand": [0.7345448897297631, 0.6974274500762373, 0.5307453449056394], "wardrobe": [0.37825569268634485, 0.6898474763432825, 0.05793630801658767], "closet": [0.42678476408001653, 0.4510879906083822, 0.0040450341714415305], "pillows": [0.8768880764550918, 0.7515694318681119, 0.9958975608172815], "blanket": [0.7264687826369362, 0.5374821873736703, 0.7793851353206163], "mattress": [0.7517349664188513, 0.7699972301744307, 0.3444868630975615], "pillowcase": [0.12511115479820523, 0.45771750423326607, 0.15292324620761255], "slippers": [0.7623704492037777, 0.3761148146327057, 0.9200859049571225], "shoes": [0.05306420794921285, 0.8973203684063067, 0.26895819201341853], "hangers": [0.3619615910577543, 0.8428296417201788, 0.23175570184132088], "coat rack": [0.1433719094273871, 0.20414975149458425, 0.84922474183217], "wall": [0.5128669651980077, 0.14534077096785303, 0.035404215809128003], "floor": [0.5697358442192458, 0.31336887620484777, 0.2899102850173948], "ceiling": [0.026243071915874938, 0.32793162891832384, 0.10039007641087705], "staircase": [0.14044106930386324, 0.5946862412555937, 0.2595194232155599], "hallway": [0.9423985729869566, 0.8523799622142524, 0.7299795654202395], "entryway": [0.5537681201624054, 0.03022534474500771, 0.14556399822340138], "shelf unit": [0.9818907171246463, 0.23862338329397514, 0.9809095745591947], "drawer": [0.2144465580246142, 0.060252774638467343, 0.6260880266614461], "light switch": [0.18592268878035034, 0.7072793199539212, 0.8814974839808991], "outlet": [0.841509330782557, 0.48557989133634394, 0.39843731472564425], "plug": [0.46796725509806414, 0.278646717796061, 0.21018842547429806], "router": [0.10743158333526626, 0.33223318725309137, 0.18223409746308106], "computer": [0.37272768573178183, 0.4086230797721453, 0.7794432026689754], "monitor": [0.5829215382691759, 0.2656760472265387, 0.15114655586686399], "keyboard": [0.7174288311370429, 0.41661970955618943, 0.10851304795702699], "mouse": [0.19986476148010757, 0.22198077379334502, 0.12370297398381458], "printer": [0.7279647949452386, 0.7204224480077848, 0.10423960140823951], "counter": [0.32988896393409517, 0.4916786622920626, 0.9516085883929912],